-- MySQL dump 10.13  Distrib 8.0.26, for Win64 (x86_64)
--
-- Host: localhost    Database: shop
-- ------------------------------------------------------
-- Server version	8.0.26

/*!40101 SET @OLD_CHARACTER_SET_CLIENT=@@CHARACTER_SET_CLIENT */;
/*!40101 SET @OLD_CHARACTER_SET_RESULTS=@@CHARACTER_SET_RESULTS */;
/*!40101 SET @OLD_COLLATION_CONNECTION=@@COLLATION_CONNECTION */;
/*!50503 SET NAMES utf8mb4 */;
/*!40103 SET @OLD_TIME_ZONE=@@TIME_ZONE */;
/*!40103 SET TIME_ZONE='+00:00' */;
/*!40014 SET @OLD_UNIQUE_CHECKS=@@UNIQUE_CHECKS, UNIQUE_CHECKS=0 */;
/*!40014 SET @OLD_FOREIGN_KEY_CHECKS=@@FOREIGN_KEY_CHECKS, FOREIGN_KEY_CHECKS=0 */;
/*!40101 SET @OLD_SQL_MODE=@@SQL_MODE, SQL_MODE='NO_AUTO_VALUE_ON_ZERO' */;
/*!40111 SET @OLD_SQL_NOTES=@@SQL_NOTES, SQL_NOTES=0 */;

--
-- Table structure for table `category`
--

DROP TABLE IF EXISTS `category`;
/*!40101 SET @saved_cs_client     = @@character_set_client */;
/*!50503 SET character_set_client = utf8mb4 */;
CREATE TABLE `category` (
  `id` int NOT NULL AUTO_INCREMENT,
  `name` varchar(100) NOT NULL,
  `des` varchar(100) CHARACTER SET utf8mb4 COLLATE utf8mb4_0900_ai_ci NOT NULL,
  PRIMARY KEY (`id`)
) ENGINE=InnoDB AUTO_INCREMENT=11 DEFAULT CHARSET=utf8mb4 COLLATE=utf8mb4_0900_ai_ci COMMENT='商品类别';
/*!40101 SET character_set_client = @saved_cs_client */;

--
-- Dumping data for table `category`
--

LOCK TABLES `category` WRITE;
/*!40000 ALTER TABLE `category` DISABLE KEYS */;
INSERT INTO `category` VALUES (2,'电子产品','电子'),(5,'数码','数码产品'),(6,'服饰','服饰'),(7,'家居用品','家居用品'),(8,'美妆','美妆'),(10,'书籍','书');
/*!40000 ALTER TABLE `category` ENABLE KEYS */;
UNLOCK TABLES;

--
-- Table structure for table `collect`
--

DROP TABLE IF EXISTS `collect`;
/*!40101 SET @saved_cs_client     = @@character_set_client */;
/*!50503 SET character_set_client = utf8mb4 */;
CREATE TABLE `collect` (
  `id` varchar(64) NOT NULL COMMENT '收藏id',
  `commid` varchar(64) NOT NULL COMMENT '商品id',
  `commname` varchar(255) DEFAULT NULL COMMENT '商品名',
  `commdesc` varchar(255) DEFAULT NULL COMMENT '商品描述',
  `soldtime` timestamp NULL DEFAULT CURRENT_TIMESTAMP COMMENT '收藏时间',
  `collstatus` int DEFAULT '1' COMMENT '0失效 1正常 2删除',
  `cmuserid` varchar(64) NOT NULL COMMENT '商品用户id',
  `school` varchar(255) DEFAULT NULL COMMENT '商品所在学校',
  `couserid` varchar(64) NOT NULL COMMENT '收藏用户id',
  PRIMARY KEY (`id`)
) ENGINE=InnoDB DEFAULT CHARSET=utf8mb4 COLLATE=utf8mb4_0900_ai_ci COMMENT='购物车';
/*!40101 SET character_set_client = @saved_cs_client */;

--
-- Dumping data for table `collect`
--

LOCK TABLES `collect` WRITE;
/*!40000 ALTER TABLE `collect` DISABLE KEYS */;
INSERT INTO `collect` VALUES ('1706966533688646680','1706965797839946882','粉底液','一瓶粉底液','2024-02-03 13:22:13',1,'1587889073148226284','北京大学','1587889073148226284'),('1707063517103434466','1583934830542354596','Java从入门到精通（第5版）','Java从入门到精通（第5版）Java从入门到精通（第5版）Java从入门到精通（第5版）','2024-02-04 16:18:37',1,'1577713712942250291','清华大学','1577713712942250291');
/*!40000 ALTER TABLE `collect` ENABLE KEYS */;
UNLOCK TABLES;

--
-- Table structure for table `comment`
--

DROP TABLE IF EXISTS `comment`;
/*!40101 SET @saved_cs_client     = @@character_set_client */;
/*!50503 SET character_set_client = utf8mb4 */;
CREATE TABLE `comment` (
  `cid` varchar(64) NOT NULL COMMENT '评论id',
  `commid` varchar(64) NOT NULL COMMENT '商品id',
  `cuserid` varchar(64) NOT NULL COMMENT '评论者id',
  `spuserid` varchar(64) DEFAULT NULL COMMENT '商品发布者id',
  `content` varchar(255) DEFAULT NULL COMMENT '评论内容',
  `commtime` timestamp NULL DEFAULT CURRENT_TIMESTAMP COMMENT '评论时间',
  `commstatus` int DEFAULT '1' COMMENT '0异常 1正常 2删除',
  PRIMARY KEY (`cid`)
) ENGINE=InnoDB DEFAULT CHARSET=utf8mb4 COLLATE=utf8mb4_0900_ai_ci;
/*!40101 SET character_set_client = @saved_cs_client */;

--
-- Dumping data for table `comment`
--

LOCK TABLES `comment` WRITE;
/*!40000 ALTER TABLE `comment` DISABLE KEYS */;
INSERT INTO `comment` VALUES ('1','1577792919764240135','1582184795951594874','1577713712942250291','不错啊，东西很好','2020-02-24 14:49:56',1),('1588251204811301252','1583939483587193411','1577713712942250291','1582184795951594874','怎么卖呀？能不能优惠点','2020-04-30 12:53:24',3),('1614226508675446955','1583940546885846474','1577713712942250291','1582184795951594874','111','2021-02-25 04:15:08',1),('1706878768117319134','1583935211397204485','1587889073148226284','1577713712942250291','ceshi','2024-02-02 12:59:28',1),('1706881191177193160','1614222528785574194','1587889073148226284','1587889073148226284','测试','2024-02-02 13:39:51',1);
/*!40000 ALTER TABLE `comment` ENABLE KEYS */;
UNLOCK TABLES;

--
-- Table structure for table `commimages`
--

DROP TABLE IF EXISTS `commimages`;
/*!40101 SET @saved_cs_client     = @@character_set_client */;
/*!50503 SET character_set_client = utf8mb4 */;
CREATE TABLE `commimages` (
  `id` varchar(64) NOT NULL COMMENT '图片id',
  `commid` varchar(64) DEFAULT NULL COMMENT '商品id',
  `image` varchar(255) DEFAULT NULL COMMENT '图片',
  `createtime` timestamp NULL DEFAULT CURRENT_TIMESTAMP COMMENT '上传时间',
  `imagestatus` int DEFAULT '1' COMMENT '1正常 2删除',
  PRIMARY KEY (`id`)
) ENGINE=InnoDB DEFAULT CHARSET=utf8mb4 COLLATE=utf8mb4_0900_ai_ci;
/*!40101 SET character_set_client = @saved_cs_client */;

--
-- Dumping data for table `commimages`
--

LOCK TABLES `commimages` WRITE;
/*!40000 ALTER TABLE `commimages` DISABLE KEYS */;
INSERT INTO `commimages` VALUES ('1577792919780137921','1577792919764240135','/pic/d280ac1a7b4a40a1822459a401e83592.jpg','2019-12-31 11:48:39',2),('1577792919780240088','1577792919764240135','/pic/3dfe006eb2ea45ddac3b75f98ab72da5.jpg','2019-12-31 11:48:39',2),('1577792919780683065','1577792919764240135','/pic/e41c6fda976a47d2bb07d10da6c44453.png','2019-12-31 11:48:39',2),('1577793367842385757','1577793367826729923','/pic/c02fcebc7af046fea15484b74e551dec.jpg','2019-12-31 11:56:07',2),('1577793367842401604','1577793367826729923','/pic/d434cc733b974a37b2273528fc663e8c.jpg','2019-12-31 11:56:07',2),('1577793367842640909','1577793367826729923','/pic/1094e52bc1e04a8bb8df0e443a4b75d4.png','2019-12-31 11:56:07',2),('1583934830636144010','1583934830542354596','/pic/e99b0b08b02b4aba9e41517ee567695c.jpg','2020-03-11 13:53:50',2),('1583934830636210213','1583934830542354596','/pic/778d6e97081c4a71b1ae213c9f086247.jpg','2020-03-11 13:53:50',2),('1583934830636594282','1583934830542354596','/pic/c6bcb4de63ff44d5a9f6641248ad9a1a.jpg','2020-03-11 13:53:50',2),('1583935025024808644','1583935025023726250','/pic/e3fcbe45ff3f48008a8a3e47c3b82643.jpg','2020-03-11 13:57:05',2),('1583935025024899621','1583935025023726250','/pic/b241245c825d4316b06c592f90fc9a46.jpg','2020-03-11 13:57:05',2),('1583935025024936977','1583935025023726250','/pic/290fdebc38a2423bb76b631a1914c1dc.jpg','2020-03-11 13:57:05',2),('1583935120550217426','1583935120549879620','/pic/ea2fce86307c4e068e6f7ce0dd03c808.jpg','2020-03-11 13:58:40',1),('1583935120550246338','1583935120549879620','/pic/71e558c5e4384f268c5e99b185cac14c.jpg','2020-03-11 13:58:40',1),('1583935120550765609','1583935120549879620','/pic/ed81f0896ad54fbd855dccfbfb459942.jpg','2020-03-11 13:58:40',1),('1583935211397724639','1583935211397204485','/pic/924af36b3f3d4c8aa45496676b89d38f.jpg','2020-03-11 14:00:11',2),('1583935211397760987','1583935211397204485','/pic/977d35f283bd4ea3a3ca3b7a817a6e07.jpg','2020-03-11 14:00:11',2),('1583935211397815726','1583935211397204485','/pic/9fe5f2d9cd1d46e6ba3ec52b594a7b59.jpg','2020-03-11 14:00:11',2),('1583935356645851359','1583935356645701706','/pic/322917096e004b76b9f3863384bb2178.jpg','2020-03-11 14:02:36',2),('1583935356645865668','1583935356645701706','/pic/96347cab08dd48dc8eef7a2b483b0e0f.jpg','2020-03-11 14:02:36',2),('1583935356645954928','1583935356645701706','/pic/b5687d8111634fcb9b175bd5045b16cb.jpg','2020-03-11 14:02:36',2),('1583935476800204656','1583935476800117681','/pic/1a4ab27599ac45188993de213ee807e3.jpg','2020-03-11 14:04:36',2),('1583935476800318386','1583935476800117681','/pic/69e9805ca0d249329943167000c8f473.jpg','2020-03-11 14:04:36',2),('1583935476800838750','1583935476800117681','/pic/48ac8f47d5a149f195568dd6b573ff64.jpg','2020-03-11 14:04:36',2),('1583935629593113362','1583935629583927102','/pic/96d07cf4e4d444b0810c47288c47e960.jpg','2020-03-11 14:07:09',2),('1583935629593564430','1583935629583927102','/pic/60878b86482449629c4186ebe2f753f8.jpg','2020-03-11 14:07:09',2),('1583935629593697605','1583935629583927102','/pic/01c5f9ab3f6b42a3ab91698de161861f.jpg','2020-03-11 14:07:09',2),('1583935632551212386','1583935632551786928','/pic/33fa6aa1dde343e0a091a1dbdda0eae8.jpg','2020-03-11 14:07:12',2),('1583935632551685390','1583935632551786928','/pic/d15743e1cd2949828644e43f0d42766e.jpg','2020-03-11 14:07:12',2),('1583935632551733283','1583935632551786928','/pic/cdda2d5cec784b299b2102e1bc462868.jpg','2020-03-11 14:07:12',2),('1583935731016144142','1583935731015473292','/pic/35e62ca86c6d41db9dfdd2e8f33067dd.jpg','2020-03-11 14:08:51',1),('1583935731016269985','1583935731015473292','/pic/0ef371e1a6e04cc6b9bbdf140a0dff62.jpg','2020-03-11 14:08:51',1),('1583935731016732033','1583935731015473292','/pic/a33d4e4b05154367849d0d6cad97e47d.jpg','2020-03-11 14:08:51',1),('1583935867328120780','1583935867326176449','/pic/edb291d92c264968a75aa384e3fa758e.jpg','2020-03-11 14:11:07',2),('1583935867328655732','1583935867326176449','/pic/fd83441f9b5c45aab8f608535435c7b9.jpg','2020-03-11 14:11:07',2),('1583935867328808428','1583935867326176449','/pic/356468fdd2b243158a031d92e37f6b97.jpg','2020-03-11 14:11:07',2),('1583936216831296684','1583936216831713367','/pic/21e61ca0d18246fd9ed113f11f466cf3.jpg','2020-03-11 14:16:56',1),('1583936216831303587','1583936216831713367','/pic/cb734c7881c4488c9e01efa934a76b1d.jpg','2020-03-11 14:16:56',1),('1583936216831449026','1583936216831713367','/pic/4797c9054364475a844aa952bac88b0c.jpg','2020-03-11 14:16:56',1),('1583936883627548170','1583936883626893988','/pic/b4f36a3487d34c2aaad116a84a75bba8.jpg','2020-03-11 14:28:03',2),('1583936883627611316','1583936883626893988','/pic/a2f48d41f04e48f384fb49b0bf621902.jpg','2020-03-11 14:28:03',2),('1583936883627883286','1583936883626893988','/pic/d6f2d6024acc4d6b9e1f3eecd2d9ec79.jpg','2020-03-11 14:28:03',2),('1583937015909346306','1583937015909416441','/pic/6f46977a08644168b9f227fdc1e828c9.jpg','2020-03-11 14:30:15',1),('1583937015909387564','1583937015909416441','/pic/403898100efa4377aced73754982f573.jpg','2020-03-11 14:30:15',1),('1583937015909785017','1583937015909416441','/pic/4b4d157cc2e14363be936094ec38f712.jpg','2020-03-11 14:30:15',1),('1583937021774260802','1583937021773641591','/pic/cc37842b3a374446a3a2b2919ccdf0a7.jpg','2020-03-11 14:30:21',2),('1583937021774461572','1583937021773641591','/pic/951680b5e22d48eaa0ee9ba589f02aac.jpg','2020-03-11 14:30:21',2),('1583937021774847001','1583937021773641591','/pic/81e8f40571ae4ff8bb8630551ec16d7f.jpg','2020-03-11 14:30:21',2),('1583937153164110959','1583937153164789685','/pic/fd6b248b52a141b282ffd3ac15b6f812.jpg','2020-03-11 14:32:33',2),('1583937153164318871','1583937153164789685','/pic/d223ec95ff624557829905b11018e342.jpg','2020-03-11 14:32:33',2),('1583937153164916622','1583937153164789685','/pic/0d85bb98dbcc4e73b701cc49f2d699cd.jpg','2020-03-11 14:32:33',2),('1583937266661251424','1583937266660587070','/pic/50d584b0fba844beaf09cf9e71eabb95.jpg','2020-03-11 14:34:26',2),('1583937266661312270','1583937266660587070','/pic/a8245a1855ed409bb6709bf14a47d7b8.jpg','2020-03-11 14:34:26',2),('1583937266661525093','1583937266660587070','/pic/70fdb719bcdc4b2183aa0d8afd9fa4c7.jpg','2020-03-11 14:34:26',2),('1583937436356108209','1583937436355876950','/pic/6fc52536b5e94f71bad000d62c70daaf.jpg','2020-03-11 14:37:16',2),('1583937436356547975','1583937436355876950','/pic/9542a9d3e0924ab0b442861efd4f3a19.jpg','2020-03-11 14:37:16',2),('1583937436356707990','1583937436355876950','/pic/083b2bdd03ba41258c4925788e7a15db.jpg','2020-03-11 14:37:16',2),('1583937609451158589','1583937609451390776','/pic/14f4a556d3af482a866106ad65023b77.jpg','2020-03-11 14:40:09',2),('1583937609451202537','1583937609451390776','/pic/85ee5e69f3194d5ba9fa24a5f6532fb4.jpg','2020-03-11 14:40:09',2),('1583937609451477588','1583937609451390776','/pic/7e8388638dac4f34a40697b5b3cc1e33.jpg','2020-03-11 14:40:09',2),('1583937754237240150','1583937754237685707','/pic/d866bba50abd4a7484d31fac8a2c9cf9.jpg','2020-03-11 14:42:34',2),('1583937754237566158','1583937754237685707','/pic/538e7a1aca7d4532a1483752a90ed6bd.jpg','2020-03-11 14:42:34',2),('1583937754237766770','1583937754237685707','/pic/d7ca15fd8103486f97804e44e2a3e6d3.jpg','2020-03-11 14:42:34',2),('1583938217414187895','1583938217414801162','/pic/44da9c445dbc49bb9d2478efd2872d2f.jpg','2020-03-11 14:50:17',2),('1583938217414671070','1583938217414801162','/pic/44371e14c7a34222ad8650ec2e6db75a.jpg','2020-03-11 14:50:17',2),('1583938217414765849','1583938217414801162','/pic/ac500b984eb843f3b4f77cb7247480b9.jpg','2020-03-11 14:50:17',2),('1583938501381217032','1583938501381902202','/pic/ad7a13296c04400ba001aa6c424776a7.jpg','2020-03-11 14:55:01',2),('1583938501381665785','1583938501381902202','/pic/3b041e745f76416bb928de7150b5a951.jpg','2020-03-11 14:55:01',2),('1583938501381874481','1583938501381902202','/pic/aa36bc4a7063496f80c2f158a8a1e76d.jpg','2020-03-11 14:55:01',2),('1583938722769272526','1583938722769689788','/pic/abab01f1f5a4445f976d6b90bc6af7f9.jpg','2020-03-11 14:58:42',2),('1583938722769458862','1583938722769689788','/pic/be2cf1951c514c95b7b9f7cad0dc271b.jpg','2020-03-11 14:58:42',2),('1583938722769816278','1583938722769689788','/pic/55d01af7a21e4ede959abbdcf5fd807a.jpg','2020-03-11 14:58:42',2),('1583938997302205700','1583938997302470599','/pic/5e205f4ac69b4f8894600556ee630e2d.jpg','2020-03-11 15:03:17',1),('1583938997302317382','1583938997302470599','/pic/5860f65d12af4c348960a0ae64186c2b.jpg','2020-03-11 15:03:17',1),('1583938997302448197','1583938997302470599','/pic/dac583a7de6f472ca16633f4149672cd.jpg','2020-03-11 15:03:17',1),('1583939483588418892','1583939483587193411','/pic/61adf41627ba40ab8e5754c8b9cc6c15.jpg','2020-03-11 15:11:23',1),('1583939483588495947','1583939483587193411','/pic/d16f422e82254cf2955089ee48c6351f.jpg','2020-03-11 15:11:23',1),('1583939483588508090','1583939483587193411','/pic/4d1fe36d8a8b422da936f0613f311631.jpg','2020-03-11 15:11:23',1),('1583940546885272299','1583940546885846474','/pic/aa239a21d1364a7baf81eaaf74ec96eb.jpg','2020-03-11 15:29:06',1),('1583940546885687387','1583940546885846474','/pic/a7ac20bd1f8546b0a3c3278e45197b94.jpg','2020-03-11 15:29:06',1),('1583940546885968953','1583940546885846474','/pic/90e4576e60c74c0aa87236f591fb13d6.jpg','2020-03-11 15:29:06',1),('1583941082910191296','1583941082909141536','/pic/2fe9aab470274a40b21ee57026438c64.jpg','2020-03-11 15:38:02',2),('1583941082910242580','1583941082909141536','/pic/27783b56982847ee8fcaf5e0af7a0b83.jpg','2020-03-11 15:38:02',2),('1583941082910413091','1583941082909141536','/pic/5d3b36a4b7c647cab50e5491393fd2e1.jpg','2020-03-11 15:38:02',2),('1583941398323530692','1583941398323204767','/pic/1fc82ad9789a479faa57e4bd26ebeded.jpg','2020-03-11 15:43:18',2),('1583941398323592662','1583941398323204767','/pic/47db0a1da5ae4aa999b21aa8c4c39459.jpg','2020-03-11 15:43:18',2),('1583941398323817533','1583941398323204767','/pic/ba638637741a431794643e2bfb495419.png','2020-03-11 15:43:18',2),('1589681358727462933','1583937754237685707','/pic/538e7a1aca7d4532a1483752a90ed6bd.jpg','2020-05-17 02:09:18',1),('1589681358727520133','1583937754237685707','/pic/d7ca15fd8103486f97804e44e2a3e6d3.jpg','2020-05-17 02:09:18',1),('1589681358727647337','1583937754237685707','/pic/d866bba50abd4a7484d31fac8a2c9cf9.jpg','2020-05-17 02:09:18',1),('1589681541006260455','1583937436355876950','/pic/6fc52536b5e94f71bad000d62c70daaf.jpg','2020-05-17 02:12:21',2),('1589681541006357816','1583937436355876950','/pic/9542a9d3e0924ab0b442861efd4f3a19.jpg','2020-05-17 02:12:21',2),('1589681541006944473','1583937436355876950','/pic/083b2bdd03ba41258c4925788e7a15db.jpg','2020-05-17 02:12:21',2),('1589681623056307274','1583941082909141536','/pic/5d3b36a4b7c647cab50e5491393fd2e1.jpg','2020-05-17 02:13:43',1),('1589681623056941533','1583941082909141536','/pic/2fe9aab470274a40b21ee57026438c64.jpg','2020-05-17 02:13:43',1),('1589681623056942318','1583941082909141536','/pic/27783b56982847ee8fcaf5e0af7a0b83.jpg','2020-05-17 02:13:43',1),('1589681717391221785','1583935629583927102','/pic/01c5f9ab3f6b42a3ab91698de161861f.jpg','2020-05-17 02:15:17',1),('1589681717391839401','1583935629583927102','/pic/60878b86482449629c4186ebe2f753f8.jpg','2020-05-17 02:15:17',1),('1589681717391866766','1583935629583927102','/pic/96d07cf4e4d444b0810c47288c47e960.jpg','2020-05-17 02:15:17',1),('1589682075602489585','1583937021773641591','/pic/cc37842b3a374446a3a2b2919ccdf0a7.jpg','2020-05-17 02:21:15',1),('1589682075602943948','1583937021773641591','/pic/951680b5e22d48eaa0ee9ba589f02aac.jpg','2020-05-17 02:21:15',1),('1589682075602986132','1583937021773641591','/pic/81e8f40571ae4ff8bb8630551ec16d7f.jpg','2020-05-17 02:21:15',1),('1589682406793211434','1583935867326176449','/pic/356468fdd2b243158a031d92e37f6b97.jpg','2020-05-17 02:26:46',2),('1589682406793259068','1583935867326176449','/pic/edb291d92c264968a75aa384e3fa758e.jpg','2020-05-17 02:26:46',2),('1589682406793843576','1583935867326176449','/pic/fd83441f9b5c45aab8f608535435c7b9.jpg','2020-05-17 02:26:46',2),('1589682631351223032','1583936883626893988','/pic/a2f48d41f04e48f384fb49b0bf621902.jpg','2020-05-17 02:30:31',1),('1589682631351287134','1583936883626893988','/pic/b4f36a3487d34c2aaad116a84a75bba8.jpg','2020-05-17 02:30:31',1),('1589682631351418559','1583936883626893988','/pic/d6f2d6024acc4d6b9e1f3eecd2d9ec79.jpg','2020-05-17 02:30:31',1),('1589682735878258878','1583935356645701706','/pic/96347cab08dd48dc8eef7a2b483b0e0f.jpg','2020-05-17 02:32:15',2),('1589682735878372974','1583935356645701706','/pic/322917096e004b76b9f3863384bb2178.jpg','2020-05-17 02:32:15',2),('1589682735878873219','1583935356645701706','/pic/b5687d8111634fcb9b175bd5045b16cb.jpg','2020-05-17 02:32:15',2),('1589683627976290827','1583935632551786928','/pic/d15743e1cd2949828644e43f0d42766e.jpg','2020-05-17 02:47:07',2),('1589683627976349360','1583935632551786928','/pic/cdda2d5cec784b299b2102e1bc462868.jpg','2020-05-17 02:47:07',2),('1589683627976884684','1583935632551786928','/pic/33fa6aa1dde343e0a091a1dbdda0eae8.jpg','2020-05-17 02:47:07',2),('1589689513350322103','1583938722769689788','/pic/55d01af7a21e4ede959abbdcf5fd807a.jpg','2020-05-17 04:25:13',2),('1589689513350363618','1583938722769689788','/pic/be2cf1951c514c95b7b9f7cad0dc271b.jpg','2020-05-17 04:25:13',2),('1589689513350927565','1583938722769689788','/pic/abab01f1f5a4445f976d6b90bc6af7f9.jpg','2020-05-17 04:25:13',2),('1589693972666301604','1577792919764240135','/pic/3dfe006eb2ea45ddac3b75f98ab72da5.jpg','2020-05-17 05:39:32',2),('1589693972666417687','1577792919764240135','/pic/e41c6fda976a47d2bb07d10da6c44453.png','2020-05-17 05:39:32',2),('1589693972666512614','1577792919764240135','/pic/d280ac1a7b4a40a1822459a401e83592.jpg','2020-05-17 05:39:32',2),('1614221744960173148','1577792919764240135','/pic/e41c6fda976a47d2bb07d10da6c44453.png','2021-02-25 02:55:44',2),('1614221744960605605','1577792919764240135','/pic/3dfe006eb2ea45ddac3b75f98ab72da5.jpg','2021-02-25 02:55:44',2),('1614221744960792696','1577792919764240135','/pic/d280ac1a7b4a40a1822459a401e83592.jpg','2021-02-25 02:55:44',2),('1614222299098404986','1614222299098646065','/pic/30c74e3398ca4791bad873a4ce0bb4ba.jpg','2021-02-25 03:04:59',1),('1614222299098708112','1614222299098646065','/pic/b09b44217a664afa9db7167a4b4f810c.jpg','2021-02-25 03:04:59',1),('1614222299098758650','1614222299098646065','/pic/43d7d11c34444ad58ea726183fe0c1ce.jpg','2021-02-25 03:04:59',1),('1614222528786240613','1614222528785574194','/pic/e81d6b9532d94f119a28fa8da413c2b7.jpg','2021-02-25 03:08:48',1),('1614222528786463457','1614222528785574194','/pic/c16ebb2f9bfe4a6ead190640407680ed.jpg','2021-02-25 03:08:48',1),('1614222528786667143','1614222528785574194','/pic/643c0135635e4041a612ab19e5c36124.jpg','2021-02-25 03:08:48',1),('1706965797841412931','1706965797839946882','/pic/0ce31c08fab14c3bb038b1b7cec99bf1.jpg','2024-02-03 13:09:58',2),('1706965797841597656','1706965797839946882','/pic/96d1e7dbc7e14135ae30b32aba19c9fc.jpg','2024-02-03 13:09:58',2),('1707034761618410006','1706965797839946882','/pic/96d1e7dbc7e14135ae30b32aba19c9fc.jpg','2024-02-04 08:19:21',1),('1707034761618501597','1706965797839946882','/pic/0ce31c08fab14c3bb038b1b7cec99bf1.jpg','2024-02-04 08:19:21',1),('1707052541973312207','1577793367826729923','/pic/23f54bd6f70747f5ac73f7e529e3b39a.jpg','2024-02-04 13:15:42',2),('1707052639224965755','1583935025023726250','/pic/62e95608a41840c38966120b77bd1615.jpg','2024-02-04 13:17:19',2),('1707052681984968485','1583935211397204485','/pic/2c9eeb079e464abebf9c5a90e2f5ac88.jpg','2024-02-04 13:18:01',1),('1707052704197510464','1581842827758285459','/pic/73b5851887e14337bde94807e245a2fe.jpg','2024-02-04 13:18:24',1),('1707052759681242307','1583935356645701706','/pic/a5b25e31e80649fa9a46bf8fde585a22.jpg','2024-02-04 13:19:19',1),('1707052800413231232','1582551912499825271','/pic/f02471f9614e440186316c442c8df480.jpg','2024-02-04 13:20:00',1),('1707053203571439983','1583935632551786928','/pic/12dcc04b7db041268703fc8e749592db.jpg','2024-02-04 13:26:43',1),('1707053225954516940','1583935476800117681','/pic/d5efea731f884154badc4d12c8710314.jpg','2024-02-04 13:27:05',1),('1707053255841458830','1577793367826729923','/pic/5fb42e012f7449cea488de81c6121a80.jpg','2024-02-04 13:27:35',1),('1707055109060739319','1583935867326176449','/pic/8755969891a8434eab2d44a17383e5ae.jpg','2024-02-04 13:58:29',1),('1707055139453955980','1583934830542354596','/pic/19717e6b23ac40f3b6e3ac80fc3ef7f1.jpg','2024-02-04 13:58:59',1),('1707055147247555068','1583935025023726250','/pic/62e95608a41840c38966120b77bd1615.jpg','2024-02-04 13:59:07',1),('1707055174179960085','1577792919764240135','/pic/4adf76b953f24eccb2d51088ae4eaf79.jpg','2024-02-04 13:59:34',1),('1707056632112447461','1583938501381902202','/pic/ecb7bbd3403d40dbadc004e46066896b.jpg','2024-02-04 14:23:52',1),('1707056705411387886','1583941398323204767','/pic/673cd650ff7d47368a7cb06f1fbd3806.jpg','2024-02-04 14:25:05',1),('1707056721978146190','1583937436355876950','/pic/6a0e58af5f344f959bb254a648b075b9.jpg','2024-02-04 14:25:21',1),('1707056738709740193','1583938722769689788','/pic/b8c9312b632548e0a109cadfcdd104ba.jpg','2024-02-04 14:25:38',1),('1707056757785565637','1583938217414801162','/pic/54a3aff7cc5f480cb015a2b9377041f9.jpg','2024-02-04 14:25:57',1),('1707057436825924451','1583937609451390776','/pic/753841d85c324c2ca8caaf551ba98795.jpg','2024-02-04 14:37:16',1),('1707058594097367952','1583937153164789685','/pic/831c1e7062ba4a54a6fcaae96d3f0ed1.jpg','2024-02-04 14:56:34',1),('1707058612224424446','1583937266660587070','/pic/302d782dcaa9462ca740daa1bda2f9a7.jpg','2024-02-04 14:56:52',1),('1707064102085634314','1707064102075935761','/pic/9fb661c1d82348c3933acfdea8ce1a36.jpg','2024-02-04 16:28:22',1);
/*!40000 ALTER TABLE `commimages` ENABLE KEYS */;
UNLOCK TABLES;

--
-- Table structure for table `commodity`
--

DROP TABLE IF EXISTS `commodity`;
/*!40101 SET @saved_cs_client     = @@character_set_client */;
/*!50503 SET character_set_client = utf8mb4 */;
CREATE TABLE `commodity` (
  `commid` varchar(64) NOT NULL COMMENT '商品id',
  `commname` varchar(255) DEFAULT NULL COMMENT '商品名',
  `commdesc` varchar(512) DEFAULT NULL COMMENT '商品描述',
  `orimoney` decimal(55,2) DEFAULT NULL COMMENT '原价',
  `thinkmoney` decimal(55,2) DEFAULT NULL COMMENT '售价',
  `school` varchar(255) DEFAULT NULL COMMENT '商品所在学校',
  `createtime` timestamp NULL DEFAULT CURRENT_TIMESTAMP COMMENT '发布时间',
  `updatetime` timestamp NULL DEFAULT CURRENT_TIMESTAMP ON UPDATE CURRENT_TIMESTAMP COMMENT '修改时间',
  `endtime` timestamp NULL DEFAULT NULL COMMENT '结束时间',
  `commstatus` int DEFAULT '3' COMMENT '0违规 1正常 2删除  3待审核  4已售出',
  `rednumber` int DEFAULT '0' COMMENT '浏览量',
  `category` int DEFAULT NULL COMMENT '商品类别',
  `image` varchar(255) DEFAULT NULL COMMENT '简介图',
  `userid` varchar(64) NOT NULL COMMENT '用户id',
  PRIMARY KEY (`commid`)
) ENGINE=InnoDB DEFAULT CHARSET=utf8mb4 COLLATE=utf8mb4_0900_ai_ci;
/*!40101 SET character_set_client = @saved_cs_client */;

--
-- Dumping data for table `commodity`
--

LOCK TABLES `commodity` WRITE;
/*!40000 ALTER TABLE `commodity` DISABLE KEYS */;
INSERT INTO `commodity` VALUES ('1577792919764240135','iPhone X ','品牌: Apple/苹果，Apple型号: iPhone X，版本类型：中国大陆，分辨率: 2436x1125像素，网络类型: 4G+全网通 4G全网通 4G+全网通 4G全网通，CPU核心数: 六核，运行内存RAM: 3GB，存储容量: 64GB，后置摄像头: 双1200万，摄像头类型: 三摄像头（后双）,6.1英寸。',3560.00,3000.00,'清华大学','2019-12-31 11:48:39','2024-02-04 14:53:05',NULL,4,31,5,'/pic/15830834f5084074a517a2766ac9b33f.jpg','1577713712942250291'),('1577793367826729923','华为 nova 6 SE','品牌名称：HUAWEI,证书编号：2019011606250738,证书状态：有效产品名称：TD-LTE数字移动电话机3C规格型号：JNY-AL10(开关电源适配器I：HW-100400C01 输出:5VDC 2A或9VDC 2A或...产品名称：HUAWEI nova 6 SE华为型号: Nova 6 SE机身颜色: 幻夜黑 绮境森林 樱雪晴空运行内存RAM: 8GB存储容量: 8+128GB网络模式: 双卡双待CPU型号: HUAWEI Kirin 810（麒麟810）',2199.00,2000.00,'清华大学','2019-12-31 11:56:07','2024-02-04 15:01:10',NULL,1,25,2,'/pic/bdf409da381e4a0db0442bc10ebd3866.jpg','1577713712942250291'),('1581842827758285459','联想(Lenovo)小新Pro','13.3英寸英特尔酷睿i5全面屏超轻薄笔记本电脑(I5-10210U 16G 512G MX250 2.5K QHD)银',6299.00,5299.00,'清华大学','2020-02-16 08:47:07','2024-02-04 13:21:38',NULL,1,2,2,'/pic/c50cf1a7789548248f376d118c8532ed.jpg','1577713712942250291'),('1582551912499825271','Apple iPad Pro','Apple iPad Pro11英寸平板电脑2018年新款（256G WLAN+Cellular/全面屏/A12X芯片/Face ID MU152CH/A）深空灰',8299.00,8200.00,'北京大学','2020-02-24 13:45:12','2024-02-04 13:21:22',NULL,1,2,5,'/pic/b6e0515adb3b458cad2018f456a87041.jpg','1577713712942250291'),('1583934830542354596','Java从入门到精通（第5版）','Java从入门到精通（第5版）Java从入门到精通（第5版）Java从入门到精通（第5版）',89.10,55.00,'清华大学','2020-03-11 13:53:50','2024-02-04 17:11:39',NULL,1,11,10,'/pic/c577a18d65614f2081bb553762034b5d.jpg','1577713712942250291'),('1583935025023726250','Python 3网络爬虫开发实战','Python 3网络爬虫开发实战Python 3网络爬虫开发实战Python 3网络爬虫开发实战',49.50,30.00,'清华大学','2020-03-11 13:57:05','2024-02-04 14:00:55',NULL,1,3,10,'/pic/2e859062749243a588ab64a1f6dbfa4e.jpg','1577713712942250291'),('1583935120549879620','Python全栈开发三剑客 （京东套装共3册）','Python全栈开发三剑客 （京东套装共3册）Python全栈开发三剑客 （京东套装共3册）Python全栈开发三剑客 （京东套装共3册）Python全栈开发三剑客 （京东套装共3册）',283.00,268.00,'清华大学','2020-03-11 13:58:40','2024-02-03 07:05:51',NULL,4,23,1,'/pic/a049f22e304a4376be461d136f32df25.jpg','1577713712942250291'),('1583935356645701706','Python神经网络编程','Python神经网络编程Python神经网络编程Python神经网络编程Python神经网络编程',34.50,30.00,'清华大学','2020-03-11 14:02:36','2024-02-04 13:21:35',NULL,1,8,10,'/pic/f3053803498643399a7d695f4574ee6e.jpg','1577713712942250291'),('1583935476800117681','物联网Python开发实战','物联网Python开发实战物联网Python开发实战物联网Python开发实战物联网Python开发实战物联网Python开发实战',44.70,40.00,'清华大学','2020-03-11 14:04:36','2024-02-04 14:01:11',NULL,1,2,10,'/pic/198ddd7f5ff2447785e791ea0a6d562c.jpg','1577713712942250291'),('1583935632551786928','茶花 漱口杯刷牙杯子牙刷杯牙缸洗漱杯水杯 257004 艾特斯系列','茶花 漱口杯刷牙杯子牙刷杯牙缸洗漱杯水杯 257004 艾特斯系列茶花 漱口杯刷牙杯子牙刷杯牙缸洗漱杯水杯 257004 艾特斯系列',11.90,9.90,'清华大学','2020-03-11 14:07:12','2024-02-04 14:35:02',NULL,1,1,10,'/pic/fdae8dba19dc4eee89ef7a411db3edf6.jpg','1577713712942250291'),('1583935867326176449','雅高 浴帘杆 晾衣杆 ','雅高 浴帘杆 晾衣杆 伸缩窗帘杆 不锈钢浴帘撑衣杆 免打孔浴帘杆加厚不锈钢窗帘杆晾衣杆 110-200cm',29.90,25.00,'清华大学','2020-03-11 14:11:07','2024-02-04 14:01:06',NULL,1,0,7,'/pic/8de67cc9cd54431d89bc5cbb32c10033.jpg','1577713712942250291'),('1583937153164789685','男士外套春秋2020','花花公子(PLAYBOY) 男士外套春秋2020新款韩版潮流帅气春装棒球服机能休闲夹克 军绿色 XL',269.00,228.00,'清华大学','2020-03-11 14:32:33','2024-02-04 14:57:44',NULL,1,6,6,'/pic/79921fbfb8db4f0e8300e9f8f6880805.jpg','1577713712942250291'),('1583937266660587070','男士外套春季新款','克伦苏 夹克男士外套春季新款韩版修身潮流男装休闲衣服学生连帽工装 短款上衣男装 黑色 L',168.00,128.00,'清华大学','2020-03-11 14:34:26','2024-02-04 14:57:42',NULL,1,3,6,'/pic/0afacb0760ee4f0c89b93aac26b8db07.jpg','1577713712942250291'),('1583937436355876950','活着','书名：活着 该本书是25周年典藏纪念版 余华小说作品集',23.00,10.00,'北京大学','2020-03-11 14:37:16','2024-02-04 14:31:42',NULL,1,17,10,'/pic/0a8839bf8fc54b0089004abbebf70726.jpg','1582184795951594874'),('1583937609451390776','茶花 漱口杯刷牙杯子','茶花 漱口杯刷牙杯子牙刷杯牙缸洗漱杯水杯 257004 艾特斯系列',12.00,5.00,'清华大学','2020-03-11 14:40:09','2024-02-04 14:57:47',NULL,1,5,5,'/pic/51490cf6b60943a2a87bc437dd1a7703.jpg','1582184795951594874'),('1583938217414801162','绅范工装外套男装2020春季新品夹克','绅范工装外套男装2020春季新品夹克男士潮牌春秋风衣青年休闲牛仔春装衣服男潮流百搭大码棒球服褂子上衣 66#黑色 XL',158.00,66.00,'清华大学','2020-03-11 14:50:17','2024-02-04 14:35:18',NULL,1,9,6,'/pic/345e084555d1478d9e35fab7b99e624a.jpg','1582184795951594874'),('1583938501381902202','南极人2020春季新款男士韩版休闲牛仔外套','南极人2020春季新款男士韩版休闲牛仔外套潮流秋冬装ins港仔文艺夹克上衣服 605白黑【单件】 XL/120-135斤',139.00,85.00,'北京大学','2020-03-11 14:55:01','2024-02-04 14:31:48',NULL,1,7,6,'/pic/0c265c1250714af388b751724d28142d.jpg','1582184795951594874'),('1583938722769689788',' 京东京造 3只装美妆蛋 葫芦型/水滴型 ','京东京造 3只装美妆蛋 葫芦型/水滴型 化妆海绵彩妆蛋 立体粉扑化妆蛋（干湿两用 遇水变大）',29.90,10.00,'清华大学','2020-03-11 14:58:42','2024-02-04 14:31:39',NULL,1,0,8,'/pic/a9beee4ff44f4fdfb3e3bd1479d6aded.jpg','1582184795951594874'),('1583941398323204767',' 萨伽单木吉他','萨伽SAGA 单板民谣吉他面单木吉他41寸40寸吉它初学者乐器 云杉原木色 SF700C 41寸缺角',990.00,500.00,'北京大学','2020-03-11 15:43:18','2024-02-04 14:31:45',NULL,1,82,2,'/pic/b68edcf658824a389911539d72a39694.jpg','1582184795951594874'),('1706965797839946882','粉底液','一瓶粉底液',600.00,300.00,'北京大学','2024-02-03 13:09:58','2024-02-04 15:11:48',NULL,1,42,9,'/pic/fadde4358b594fa4bbe714915aa5bbe1.jpg','1587889073148226284'),('1707064102075935761','手套','毛茸茸',30.00,20.00,'清华大学','2024-02-04 16:28:22','2024-02-04 16:29:14',NULL,1,0,6,'/pic/32990284c7624431b8813c27991cdbea.jpg','1577713712942250291');
/*!40000 ALTER TABLE `commodity` ENABLE KEYS */;
UNLOCK TABLES;

--
-- Table structure for table `login`
--

DROP TABLE IF EXISTS `login`;
/*!40101 SET @saved_cs_client     = @@character_set_client */;
/*!50503 SET character_set_client = utf8mb4 */;
CREATE TABLE `login` (
  `id` varchar(64) NOT NULL COMMENT '登录id',
  `userid` varchar(64) DEFAULT NULL COMMENT '用户id',
  `roleid` int DEFAULT '1' COMMENT '角色id 1普通用户 2管理员 3超级管理员',
  `username` varchar(255) DEFAULT NULL COMMENT '用户名',
  `password` varchar(255) DEFAULT NULL COMMENT '用户密码',
  `mobilephone` varchar(255) DEFAULT NULL COMMENT '手机号',
  `userstatus` int DEFAULT '1' COMMENT '1正常 0封号',
  PRIMARY KEY (`id`)
) ENGINE=InnoDB DEFAULT CHARSET=utf8mb4 COLLATE=utf8mb4_0900_ai_ci;
/*!40101 SET character_set_client = @saved_cs_client */;

--
-- Dumping data for table `login`
--

LOCK TABLES `login` WRITE;
/*!40000 ALTER TABLE `login` DISABLE KEYS */;
/*!40000 ALTER TABLE `login` ENABLE KEYS */;
UNLOCK TABLES;

--
-- Table structure for table `notices`
--

DROP TABLE IF EXISTS `notices`;
/*!40101 SET @saved_cs_client     = @@character_set_client */;
/*!50503 SET character_set_client = utf8mb4 */;
CREATE TABLE `notices` (
  `id` varchar(64) NOT NULL COMMENT '通知id',
  `userid` varchar(64) DEFAULT NULL COMMENT '用户id',
  `whys` varchar(255) DEFAULT NULL COMMENT '通知内容',
  `isread` int DEFAULT '0' COMMENT '是否阅读 0未阅读 1已阅读',
  `tpname` varchar(255) DEFAULT NULL COMMENT '通知类型',
  `nttime` timestamp NULL DEFAULT CURRENT_TIMESTAMP COMMENT '通知时间',
  `latest` int DEFAULT '1' COMMENT '是否为新通知 1是 2不是',
  PRIMARY KEY (`id`)
) ENGINE=InnoDB DEFAULT CHARSET=utf8mb4 COLLATE=utf8mb4_0900_ai_ci;
/*!40101 SET character_set_client = @saved_cs_client */;

--
-- Dumping data for table `notices`
--

LOCK TABLES `notices` WRITE;
/*!40000 ALTER TABLE `notices` DISABLE KEYS */;
INSERT INTO `notices` VALUES ('1588250830237539282','1582184795951594874','您的商品 <a href=/product-detail/1583938501381902202 style=\"color:#08bf91\" target=\"_blank\" >南极人2020春季新款男士韩版休闲牛仔外套</a> 已通过审核，快去看看吧。',1,'商品审核','2020-04-30 12:47:10',2),('1588251035517231786','1582184795951594874','恭喜您已被设置为网站管理员，努力维护网站的良好氛围。',1,'系统通知','2020-04-30 12:50:35',2),('1588251042987446364','1582184795951594874','您已被设置为网站用户，希望您再接再厉。',1,'系统通知','2020-04-30 12:50:42',2),('1588251050454258295','1582184795951594874','您的商品 <a href=/product-detail/1583937754237685707 style=\"color:#08bf91\" target=\"_blank\" >湘鑫宏日式垃圾桶</a> 已通过审核，快去看看吧。',1,'商品审核','2020-04-30 12:50:50',2),('1588251204824159064','1582184795951594874','您的商品 <a href=/product-detail/1583939483587193411 style=\"color:#08bf91\" target=\"_blank\" >上海永久山地车</a> 被评论了，快去看看吧。',1,'评论','2020-04-30 12:53:24',2),('1588252223487672096','1582184795951594874','您的商品 <a href=/product-detail/1583940546885846474 style=\"color:#08bf91\" target=\"_blank\" >爱玛电动车 小爱蜜</a> 未通过审核，目前不支持公开发布。',1,'商品审核','2020-04-30 13:10:23',2),('1588252371050431095','1582184795951594874','您的商品 <a href=/product-detail/1583940546885846474 style=\"color:#08bf91\" target=\"_blank\" >爱玛电动车 小爱蜜</a> 已通过审核，快去看看吧。',1,'商品审核','2020-04-30 13:12:51',2),('1588262384763845040','1582184795951594874','有小伙伴在 <a href=/product-detail/1583939483587193411 style=\"color:#08bf91\" target=\"_blank\" >上海永久山地车</a> 下回复了您的评论，快去看看吧。',1,'评论回复','2020-04-30 15:59:44',2),('1589636544748325349','1589627579283677652','因为您的不良行为，您在该网站的账号已被封号。',0,'系统通知','2020-05-16 13:42:24',1),('1589636594522226396','1589627579283677652','您在该网站的账号已被解封，希望您保持良好的行为。',0,'系统通知','2020-05-16 13:43:14',1),('1589638217090767109','1582184795951594874','您的商品 <a href=/product-detail/1583938217414801162 style=\"color:#08bf91\" target=\"_blank\" >绅范工装外套男装2020春季新品夹克</a> 已通过审核，快去看看吧。',0,'商品审核','2020-05-16 14:10:17',2),('1589638232080391899','1582184795951594874','您的商品 <a href=/product-detail/1583939483587193411 style=\"color:#08bf91\" target=\"_blank\" >上海永久山地车</a> 已通过审核，快去看看吧。',0,'商品审核','2020-05-16 14:10:32',2),('1589638243792827379','1582184795951594874','您的商品 <a href=/product-detail/1583937015909416441 style=\"color:#08bf91\" target=\"_blank\" >中文版3ds Max 2016从入门到精通</a> 已通过审核，快去看看吧。',0,'商品审核','2020-05-16 14:10:43',2),('1589638785531551867','1577713712942250291','您的商品 <a href=/product-detail/1577792919764240135 style=\"color:#08bf91\" target=\"_blank\" >iPhone X </a> 已通过审核，快去看看吧。',1,'商品审核','2020-05-16 14:19:45',2),('1589681358735485766','1582184795951594874','您的商品 <a href=/product-detail/1583937754237685707 style=\"color:#08bf91\" target=\"_blank\" >湘鑫宏日式垃圾桶</a> 进入待审核队列，请您耐心等待。',0,'商品审核','2020-05-17 02:09:18',2),('1589681541011152986','1582184795951594874','您的商品 <a href=/product-detail/1583937436355876950 style=\"color:#08bf91\" target=\"_blank\" >活着</a> 进入待审核队列，请您耐心等待。',0,'商品审核','2020-05-17 02:12:21',2),('1589681623060802460','1582184795951594874','您的商品 <a href=/product-detail/1583941082909141536 style=\"color:#08bf91\" target=\"_blank\" >床上书桌</a> 进入待审核队列，请您耐心等待。',0,'商品审核','2020-05-17 02:13:43',2),('1589681717395332736','1582184795951594874','您的商品 <a href=/product-detail/1583935629583927102 style=\"color:#08bf91\" target=\"_blank\" >漫步者（EDIFIER）TWS2</a> 进入待审核队列，请您耐心等待。',1,'商品审核','2020-05-17 02:15:17',2),('1589682075608824357','1577713712942250291','您的商品 <a href=/product-detail/1583937021773641591 style=\"color:#08bf91\" target=\"_blank\" >一次性地漏贴纸</a> 进入待审核队列，请您耐心等待。',1,'商品审核','2020-05-17 02:21:15',2),('1589682406798257020','1577713712942250291','您的商品 <a href=/product-detail/1583935867326176449 style=\"color:#08bf91\" target=\"_blank\" >雅高 浴帘杆 晾衣杆 </a> 进入待审核队列，请您耐心等待。',1,'商品审核','2020-05-17 02:26:46',2),('1589682631355190969','1577713712942250291','您的商品 <a href=/product-detail/1583936883626893988 style=\"color:#08bf91\" target=\"_blank\" >扫把挂夹卫生间置物架 </a> 进入待审核队列，请您耐心等待。',1,'商品审核','2020-05-17 02:30:31',2),('1589682735882955561','1577713712942250291','您的商品 <a href=/product-detail/1583935356645701706 style=\"color:#08bf91\" target=\"_blank\" >Python神经网络编程</a> 进入待审核队列，请您耐心等待。',1,'商品审核','2020-05-17 02:32:15',2),('1589683627982523739','1577713712942250291','您的商品 <a href=/product-detail/1583935632551786928 style=\"color:#08bf91\" target=\"_blank\" >茶花 漱口杯刷牙杯子牙刷杯牙缸洗漱杯水杯 257004 艾特斯系列</a> 进入待审核队列，请您耐心等待。',1,'商品审核','2020-05-17 02:47:07',2),('1589689513365251929','1582184795951594874','您的商品 <a href=/product-detail/1583938722769689788 style=\"color:#08bf91\" target=\"_blank\" > 京东京造 3只装美妆蛋 葫芦型/水滴型 </a> 进入待审核队列，请您耐心等待。',1,'商品审核','2020-05-17 04:25:13',2),('1589693781569642519','1582184795951594874','您的商品 <a href=/product-detail/1583941398323204767 style=\"color:#08bf91\" target=\"_blank\" > 萨伽单木吉他</a> 已通过审核，快去看看吧。',1,'商品审核','2020-05-17 05:36:21',2),('1589693785983511157','1582184795951594874','您的商品 <a href=/product-detail/1583938722769689788 style=\"color:#08bf91\" target=\"_blank\" > 京东京造 3只装美妆蛋 葫芦型/水滴型 </a> 已通过审核，快去看看吧。',1,'商品审核','2020-05-17 05:36:25',2),('1589693790411331579','1582184795951594874','您的商品 <a href=/product-detail/1583937436355876950 style=\"color:#08bf91\" target=\"_blank\" >活着</a> 已通过审核，快去看看吧。',1,'商品审核','2020-05-17 05:36:30',2),('1589693794459326444','1582184795951594874','您的商品 <a href=/product-detail/1583941082909141536 style=\"color:#08bf91\" target=\"_blank\" >床上书桌</a> 已通过审核，快去看看吧。',1,'商品审核','2020-05-17 05:36:34',2),('1589693801555215190','1577713712942250291','您的商品 <a href=/product-detail/1583935356645701706 style=\"color:#08bf91\" target=\"_blank\" >Python神经网络编程</a> 已通过审核，快去看看吧。',1,'商品审核','2020-05-17 05:36:41',2),('1589693972672634667','1577713712942250291','您的商品 <a href=/product-detail/1577792919764240135 style=\"color:#08bf91\" target=\"_blank\" >iPhone X </a> 进入待审核队列，请您耐心等待。',1,'商品审核','2020-05-17 05:39:32',2),('1614221617091301936','1582184795951594874','您的商品 <a href=/product-detail/1583941398323204767 style=\"color:#08bf91\" target=\"_blank\" > 萨伽单木吉他</a> 未通过审核，目前不支持公开发布。',1,'商品审核','2021-02-25 02:53:37',2),('1614221621842813317','1582184795951594874','您的商品 <a href=/product-detail/1583941398323204767 style=\"color:#08bf91\" target=\"_blank\" > 萨伽单木吉他</a> 已通过审核，快去看看吧。',1,'商品审核','2021-02-25 02:53:41',2),('1614221665081272935','1577713712942250291','您的商品 <a href=/product-detail/1577792919764240135 style=\"color:#08bf91\" target=\"_blank\" >iPhone X </a> 未通过审核，目前不支持公开发布。',1,'商品审核','2021-02-25 02:54:25',2),('1614221744968644140','1577713712942250291','您的商品 <a href=/product-detail/1577792919764240135 style=\"color:#08bf91\" target=\"_blank\" >iPhone X </a> 进入待审核队列，请您耐心等待。',1,'商品审核','2021-02-25 02:55:44',2),('1614222299102195899','1587889073148226284','您的商品 <a href=/product-detail/1614222299098646065 style=\"color:#08bf91\" target=\"_blank\" >联想ThinkBook 15 2021款 酷睿版 英特尔酷睿i7 15.6英寸轻薄笔记本(i7-1165G7 16G 512G MX450独显 高色域)</a> 进入待审核队列，请您耐心等待。',0,'商品审核','2021-02-25 03:04:59',1),('1614222528788549206','1587889073148226284','您的商品 <a href=/product-detail/1614222528785574194 style=\"color:#08bf91\" target=\"_blank\" >联想ThinkBook 15 2021款</a> 进入待审核队列，请您耐心等待。',0,'商品审核','2021-02-25 03:08:48',1),('1614222544530657401','1587889073148226284','您的商品 <a href=/product-detail/1614222528785574194 style=\"color:#08bf91\" target=\"_blank\" >联想ThinkBook 15 2021款</a> 已通过审核，快去看看吧。',0,'商品审核','2021-02-25 03:09:04',1),('1614225697523382543','1582184795951594874','您的商品 <a href=/product-detail/1583941398323204767 style=\"color:#08bf91\" target=\"_blank\" > 萨伽单木吉他</a> 被评论了，快去看看吧。',1,'评论','2021-02-25 04:01:37',2),('1614225873183378502','1582184795951594874','有小伙伴在 <a href=/product-detail/1583941398323204767 style=\"color:#08bf91\" target=\"_blank\" > 萨伽单木吉他</a> 下回复了您的评论，快去看看吧。',1,'评论回复','2021-02-25 04:04:33',2),('1614226211682549008','1577713712942250291','有小伙伴在 <a href=/product-detail/1583941398323204767 style=\"color:#08bf91\" target=\"_blank\" > 萨伽单木吉他</a> 下回复了您的评论，快去看看吧。',1,'评论回复','2021-02-25 04:10:11',2),('1614226272830999912','1577713712942250291','有小伙伴在 <a href=/product-detail/1583941398323204767 style=\"color:#08bf91\" target=\"_blank\" > 萨伽单木吉他</a> 下回复了您的评论，快去看看吧。',1,'评论回复','2021-02-25 04:11:12',2),('1614226412763723438','1577713712942250291','有小伙伴在 <a href=/product-detail/1583941398323204767 style=\"color:#08bf91\" target=\"_blank\" > 萨伽单木吉他</a> 下回复了您的评论，快去看看吧。',1,'评论回复','2021-02-25 04:13:32',2),('1614226445535726188','1577713712942250291','有小伙伴在 <a href=/product-detail/1583941398323204767 style=\"color:#08bf91\" target=\"_blank\" > 萨伽单木吉他</a> 下回复了您的评论，快去看看吧。',1,'评论回复','2021-02-25 04:14:05',2),('1614226508680695911','1582184795951594874','您的商品 <a href=/product-detail/1583940546885846474 style=\"color:#08bf91\" target=\"_blank\" >爱玛电动车 小爱蜜</a> 被评论了，快去看看吧。',1,'评论','2021-02-25 04:15:08',2),('1614226529651307429','1577713712942250291','有小伙伴在 <a href=/product-detail/1583940546885846474 style=\"color:#08bf91\" target=\"_blank\" >爱玛电动车 小爱蜜</a> 下回复了您的评论，快去看看吧。',1,'评论回复','2021-02-25 04:15:29',2),('1615031012523810894','1577713712942250291','您已成功购买 <a href=/product-detail/1583940546885846474 style=\"color:#08bf91\" target=\"_blank\" >爱玛电动车 小爱蜜</a> 请随时查看物流信息。',1,'系统通知','2021-03-06 11:43:32',2),('1615031012532993796','1582184795951594874','您的商品 <a href=/product-detail/1583940546885846474 style=\"color:#08bf91\" target=\"_blank\" >爱玛电动车 小爱蜜</a> 被购买了，请及时发货。',1,'系统通知','2021-03-06 11:43:32',2),('1615031880816901962','1577713712942250291','您购买的 <a href=/product-detail/1583940546885846474 style=\"color:#08bf91\" target=\"_blank\" >爱玛电动车 小爱蜜</a> 已经发货， 请注意查看物流信息。',1,'系统通知','2021-03-06 11:58:00',2),('1615031902328425566','1582184795951594874','您售出的商品 <a href=/product-detail/1583940546885846474 style=\"color:#08bf91\" target=\"_blank\" >爱玛电动车 小爱蜜</a> 已经被收货啦。',1,'系统通知','2021-03-06 11:58:22',2),('1615091489913535674','1577713712942250291','您已成功购买 <a href=/product-detail/1583940546885846474 style=\"color:#08bf91\" target=\"_blank\" >爱玛电动车 小爱蜜</a> 请随时查看物流信息。',1,'系统通知','2021-03-07 04:31:29',2),('1615091489925245027','1582184795951594874','您的商品 <a href=/product-detail/1583940546885846474 style=\"color:#08bf91\" target=\"_blank\" >爱玛电动车 小爱蜜</a> 被购买了，请及时发货。',1,'系统通知','2021-03-07 04:31:29',2),('1615178062006105218','1577713712942250291','您已成功购买 <a href=/product-detail/1583940546885846474 style=\"color:#08bf91\" target=\"_blank\" >爱玛电动车 小爱蜜</a> 请随时查看物流信息。',1,'系统通知','2021-03-08 04:34:22',2),('1615178062009857148','1582184795951594874','您的商品 <a href=/product-detail/1583940546885846474 style=\"color:#08bf91\" target=\"_blank\" >爱玛电动车 小爱蜜</a> 被购买了，请及时发货。',1,'系统通知','2021-03-08 04:34:22',2),('1615178094277609121','1577713712942250291','您购买的 <a href=/product-detail/1583940546885846474 style=\"color:#08bf91\" target=\"_blank\" >爱玛电动车 小爱蜜</a> 已经发货， 请注意查看物流信息。',1,'系统通知','2021-03-08 04:34:54',2),('1615178107237738372','1582184795951594874','您售出的商品 <a href=/product-detail/1583940546885846474 style=\"color:#08bf91\" target=\"_blank\" >爱玛电动车 小爱蜜</a> 已经被收货啦。',1,'系统通知','2021-03-08 04:35:07',2),('1615179956850611706','1577713712942250291','您已成功购买 <a href=/product-detail/1583937436355876950 style=\"color:#08bf91\" target=\"_blank\" >活着</a> 请随时查看物流信息。',1,'系统通知','2021-03-08 05:05:56',2),('1615179956854925172','1582184795951594874','您的商品 <a href=/product-detail/1583937436355876950 style=\"color:#08bf91\" target=\"_blank\" >活着</a> 被购买了，请及时发货。',1,'系统通知','2021-03-08 05:05:56',2),('1615180008662850682','1577713712942250291','您购买的 <a href=/product-detail/1583937436355876950 style=\"color:#08bf91\" target=\"_blank\" >活着</a> 已经发货， 请注意查看物流信息。',1,'系统通知','2021-03-08 05:06:48',2),('1615180025853175908','1582184795951594874','您售出的商品 <a href=/product-detail/1583937436355876950 style=\"color:#08bf91\" target=\"_blank\" >活着</a> 已经被收货啦。',1,'系统通知','2021-03-08 05:07:05',2),('1615180892435706850','1582184795951594874','您已成功购买 <a href=/product-detail/1583935211397204485 style=\"color:#08bf91\" target=\"_blank\" >基于Python的大数据分析基础及实战</a> 请随时查看物流信息。',1,'系统通知','2021-03-08 05:21:32',2),('1615180892437792395','1577713712942250291','您的商品 <a href=/product-detail/1583935211397204485 style=\"color:#08bf91\" target=\"_blank\" >基于Python的大数据分析基础及实战</a> 被购买了，请及时发货。',0,'系统通知','2021-03-08 05:21:32',2),('1706857636472372686','1589694955949934523','因为您的不良行为，您在该网站的账号已被封号。',0,'系统通知','2024-02-02 07:07:16',1),('1706858350761670476','1582184795951594874','您的商品 <a href=/product-detail/1583937436355876950 style=\"color:#08bf91\" target=\"_blank\" >活着</a> 未通过审核，目前不支持公开发布。',0,'商品审核','2024-02-02 07:19:10',1),('1706878768162559383','1577713712942250291','您的商品 <a href=/product-detail/1583935211397204485 style=\"color:#08bf91\" target=\"_blank\" >基于Python的大数据分析基础及实战</a> 被评论了，快去看看吧。',0,'评论','2024-02-02 12:59:28',1),('1706881191212997601','1587889073148226284','您的商品 <a href=/product-detail/1614222528785574194 style=\"color:#08bf91\" target=\"_blank\" >联想ThinkBook 15 2021款</a> 被评论了，快去看看吧。',0,'评论','2024-02-02 13:39:51',1),('1706965798083112711','1587889073148226284','您的商品 <a href=/product-detail/1706965797839946882 style=\"color:#08bf91\" target=\"_blank\" >粉底液</a> 进入待审核队列，请您耐心等待。',0,'商品审核','2024-02-03 13:09:58',1),('1706966686035975979','1587889073148226284','您的商品 <a href=/product-detail/1706965797839946882 style=\"color:#08bf91\" target=\"_blank\" >粉底液</a> 未通过审核，目前不支持公开发布。',0,'商品审核','2024-02-03 13:24:46',1),('1706966690262728273','1587889073148226284','您的商品 <a href=/product-detail/1706965797839946882 style=\"color:#08bf91\" target=\"_blank\" >粉底液</a> 已通过审核，快去看看吧。',0,'商品审核','2024-02-03 13:24:50',1),('1707034761680468419','1587889073148226284','您的商品 <a href=/product-detail/1706965797839946882 style=\"color:#08bf91\" target=\"_blank\" >粉底液</a> 进入待审核队列，请您耐心等待。',0,'商品审核','2024-02-04 08:19:21',1),('1707052542032788205','1577713712942250291','您的商品 <a href=/product-detail/1577793367826729923 style=\"color:#08bf91\" target=\"_blank\" >华为 nova 6 SE</a> 进入待审核队列，请您耐心等待。',0,'商品审核','2024-02-04 13:15:42',1),('1707052639232872549','1577713712942250291','您的商品 <a href=/product-detail/1583935025023726250 style=\"color:#08bf91\" target=\"_blank\" >Python 3网络爬虫开发实战</a> 进入待审核队列，请您耐心等待。',0,'商品审核','2024-02-04 13:17:19',1),('1707052681991412969','1577713712942250291','您的商品 <a href=/product-detail/1583935211397204485 style=\"color:#08bf91\" target=\"_blank\" >基于Python的大数据分析基础及实战</a> 进入待审核队列，请您耐心等待。',0,'商品审核','2024-02-04 13:18:01',1),('1707052704204613697','1577713712942250291','您的商品 <a href=/product-detail/1581842827758285459 style=\"color:#08bf91\" target=\"_blank\" >联想(Lenovo)小新Pro</a> 进入待审核队列，请您耐心等待。',0,'商品审核','2024-02-04 13:18:24',1),('1707052759687179253','1577713712942250291','您的商品 <a href=/product-detail/1583935356645701706 style=\"color:#08bf91\" target=\"_blank\" >Python神经网络编程</a> 进入待审核队列，请您耐心等待。',0,'商品审核','2024-02-04 13:19:19',1),('1707052800421970729','1577713712942250291','您的商品 <a href=/product-detail/1582551912499825271 style=\"color:#08bf91\" target=\"_blank\" >Apple iPad Pro</a> 进入待审核队列，请您耐心等待。',0,'商品审核','2024-02-04 13:20:00',1),('1707052882561787527','1577713712942250291','您的商品 <a href=/product-detail/1582551912499825271 style=\"color:#08bf91\" target=\"_blank\" >Apple iPad Pro</a> 已通过审核，快去看看吧。',0,'商品审核','2024-02-04 13:21:22',1),('1707052895581159218','1577713712942250291','您的商品 <a href=/product-detail/1583935356645701706 style=\"color:#08bf91\" target=\"_blank\" >Python神经网络编程</a> 已通过审核，快去看看吧。',0,'商品审核','2024-02-04 13:21:35',1),('1707052898593642952','1577713712942250291','您的商品 <a href=/product-detail/1581842827758285459 style=\"color:#08bf91\" target=\"_blank\" >联想(Lenovo)小新Pro</a> 已通过审核，快去看看吧。',0,'商品审核','2024-02-04 13:21:38',1),('1707052901434809796','1577713712942250291','您的商品 <a href=/product-detail/1583935211397204485 style=\"color:#08bf91\" target=\"_blank\" >基于Python的大数据分析基础及实战</a> 已通过审核，快去看看吧。',0,'商品审核','2024-02-04 13:21:41',1),('1707052904636115905','1577713712942250291','您的商品 <a href=/product-detail/1583935025023726250 style=\"color:#08bf91\" target=\"_blank\" >Python 3网络爬虫开发实战</a> 已通过审核，快去看看吧。',0,'商品审核','2024-02-04 13:21:44',1),('1707052908110761654','1577713712942250291','您的商品 <a href=/product-detail/1577793367826729923 style=\"color:#08bf91\" target=\"_blank\" >华为 nova 6 SE</a> 已通过审核，快去看看吧。',0,'商品审核','2024-02-04 13:21:48',1),('1707052915729921787','1587889073148226284','您的商品 <a href=/product-detail/1706965797839946882 style=\"color:#08bf91\" target=\"_blank\" >粉底液</a> 已通过审核，快去看看吧。',0,'商品审核','2024-02-04 13:21:55',1),('1707053025010913817','1577713712942250291','您的商品 <a href=/product-detail/1577792919764240135 style=\"color:#08bf91\" target=\"_blank\" >iPhone X </a> 已通过审核，快去看看吧。',0,'商品审核','2024-02-04 13:23:45',1),('1707053028754559410','1582184795951594874','您的商品 <a href=/product-detail/1583935629583927102 style=\"color:#08bf91\" target=\"_blank\" >漫步者（EDIFIER）TWS2</a> 已通过审核，快去看看吧。',0,'商品审核','2024-02-04 13:23:48',1),('1707053031562364362','1577713712942250291','您的商品 <a href=/product-detail/1583935632551786928 style=\"color:#08bf91\" target=\"_blank\" >茶花 漱口杯刷牙杯子牙刷杯牙缸洗漱杯水杯 257004 艾特斯系列</a> 已通过审核，快去看看吧。',0,'商品审核','2024-02-04 13:23:51',1),('1707053034555137935','1577713712942250291','您的商品 <a href=/product-detail/1583935476800117681 style=\"color:#08bf91\" target=\"_blank\" >物联网Python开发实战</a> 已通过审核，快去看看吧。',0,'商品审核','2024-02-04 13:23:54',1),('1707053037550981862','1577713712942250291','您的商品 <a href=/product-detail/1583935867326176449 style=\"color:#08bf91\" target=\"_blank\" >雅高 浴帘杆 晾衣杆 </a> 已通过审核，快去看看吧。',0,'商品审核','2024-02-04 13:23:57',1),('1707053040908333515','1577713712942250291','您的商品 <a href=/product-detail/1583934830542354596 style=\"color:#08bf91\" target=\"_blank\" >Java从入门到精通（第5版）</a> 已通过审核，快去看看吧。',0,'商品审核','2024-02-04 13:24:00',1),('1707053044369238477','1582184795951594874','您的商品 <a href=/product-detail/1583936216831713367 style=\"color:#08bf91\" target=\"_blank\" >闪迪 （SanDisk） 32GB USB3.0 U盘</a> 已通过审核，快去看看吧。',0,'商品审核','2024-02-04 13:24:04',1),('1707053203579601347','1577713712942250291','您的商品 <a href=/product-detail/1583935632551786928 style=\"color:#08bf91\" target=\"_blank\" >茶花 漱口杯刷牙杯子牙刷杯牙缸洗漱杯水杯 257004 艾特斯系列</a> 进入待审核队列，请您耐心等待。',0,'商品审核','2024-02-04 13:26:43',1),('1707053225959430104','1577713712942250291','您的商品 <a href=/product-detail/1583935476800117681 style=\"color:#08bf91\" target=\"_blank\" >物联网Python开发实战</a> 进入待审核队列，请您耐心等待。',0,'商品审核','2024-02-04 13:27:05',1),('1707053255846586413','1577713712942250291','您的商品 <a href=/product-detail/1577793367826729923 style=\"color:#08bf91\" target=\"_blank\" >华为 nova 6 SE</a> 进入待审核队列，请您耐心等待。',0,'商品审核','2024-02-04 13:27:35',1),('1707055109135748729','1577713712942250291','您的商品 <a href=/product-detail/1583935867326176449 style=\"color:#08bf91\" target=\"_blank\" >雅高 浴帘杆 晾衣杆 </a> 进入待审核队列，请您耐心等待。',0,'商品审核','2024-02-04 13:58:29',1),('1707055139459379708','1577713712942250291','您的商品 <a href=/product-detail/1583934830542354596 style=\"color:#08bf91\" target=\"_blank\" >Java从入门到精通（第5版）</a> 进入待审核队列，请您耐心等待。',0,'商品审核','2024-02-04 13:58:59',1),('1707055147254933837','1577713712942250291','您的商品 <a href=/product-detail/1583935025023726250 style=\"color:#08bf91\" target=\"_blank\" >Python 3网络爬虫开发实战</a> 进入待审核队列，请您耐心等待。',0,'商品审核','2024-02-04 13:59:07',1),('1707055174185840755','1577713712942250291','您的商品 <a href=/product-detail/1577792919764240135 style=\"color:#08bf91\" target=\"_blank\" >iPhone X </a> 进入待审核队列，请您耐心等待。',0,'商品审核','2024-02-04 13:59:34',1),('1707055252991276432','1577713712942250291','您的商品 <a href=/product-detail/1577792919764240135 style=\"color:#08bf91\" target=\"_blank\" >iPhone X </a> 已通过审核，快去看看吧。',0,'商品审核','2024-02-04 14:00:52',1),('1707055255983540955','1577713712942250291','您的商品 <a href=/product-detail/1583935025023726250 style=\"color:#08bf91\" target=\"_blank\" >Python 3网络爬虫开发实战</a> 已通过审核，快去看看吧。',0,'商品审核','2024-02-04 14:00:55',1),('1707055263459516040','1577713712942250291','您的商品 <a href=/product-detail/1583934830542354596 style=\"color:#08bf91\" target=\"_blank\" >Java从入门到精通（第5版）</a> 已通过审核，快去看看吧。',0,'商品审核','2024-02-04 14:01:03',1),('1707055266299289223','1577713712942250291','您的商品 <a href=/product-detail/1583935867326176449 style=\"color:#08bf91\" target=\"_blank\" >雅高 浴帘杆 晾衣杆 </a> 已通过审核，快去看看吧。',0,'商品审核','2024-02-04 14:01:06',1),('1707055268906536377','1577713712942250291','您的商品 <a href=/product-detail/1577793367826729923 style=\"color:#08bf91\" target=\"_blank\" >华为 nova 6 SE</a> 已通过审核，快去看看吧。',0,'商品审核','2024-02-04 14:01:08',1),('1707055271716398134','1577713712942250291','您的商品 <a href=/product-detail/1583935476800117681 style=\"color:#08bf91\" target=\"_blank\" >物联网Python开发实战</a> 已通过审核，快去看看吧。',0,'商品审核','2024-02-04 14:01:11',1),('1707055274275962548','1577713712942250291','您的商品 <a href=/product-detail/1583935632551786928 style=\"color:#08bf91\" target=\"_blank\" >茶花 漱口杯刷牙杯子牙刷杯牙缸洗漱杯水杯 257004 艾特斯系列</a> 已通过审核，快去看看吧。',0,'商品审核','2024-02-04 14:01:14',1),('1707056632118165230','1582184795951594874','您的商品 <a href=/product-detail/1583938501381902202 style=\"color:#08bf91\" target=\"_blank\" >南极人2020春季新款男士韩版休闲牛仔外套</a> 进入待审核队列，请您耐心等待。',0,'商品审核','2024-02-04 14:23:52',1),('1707056705416481332','1582184795951594874','您的商品 <a href=/product-detail/1583941398323204767 style=\"color:#08bf91\" target=\"_blank\" > 萨伽单木吉他</a> 进入待审核队列，请您耐心等待。',0,'商品审核','2024-02-04 14:25:05',1),('1707056721982283661','1582184795951594874','您的商品 <a href=/product-detail/1583937436355876950 style=\"color:#08bf91\" target=\"_blank\" >活着</a> 进入待审核队列，请您耐心等待。',0,'商品审核','2024-02-04 14:25:21',1),('1707056738712997655','1582184795951594874','您的商品 <a href=/product-detail/1583938722769689788 style=\"color:#08bf91\" target=\"_blank\" > 京东京造 3只装美妆蛋 葫芦型/水滴型 </a> 进入待审核队列，请您耐心等待。',0,'商品审核','2024-02-04 14:25:38',1),('1707056757787930581','1582184795951594874','您的商品 <a href=/product-detail/1583938217414801162 style=\"color:#08bf91\" target=\"_blank\" >绅范工装外套男装2020春季新品夹克</a> 进入待审核队列，请您耐心等待。',0,'商品审核','2024-02-04 14:25:57',1),('1707057096627663796','1582184795951594874','您的商品 <a href=/product-detail/1583938217414801162 style=\"color:#08bf91\" target=\"_blank\" >绅范工装外套男装2020春季新品夹克</a> 已通过审核，快去看看吧。',0,'商品审核','2024-02-04 14:31:36',1),('1707057099709176830','1582184795951594874','您的商品 <a href=/product-detail/1583938722769689788 style=\"color:#08bf91\" target=\"_blank\" > 京东京造 3只装美妆蛋 葫芦型/水滴型 </a> 已通过审核，快去看看吧。',0,'商品审核','2024-02-04 14:31:39',1),('1707057102837886566','1582184795951594874','您的商品 <a href=/product-detail/1583937436355876950 style=\"color:#08bf91\" target=\"_blank\" >活着</a> 已通过审核，快去看看吧。',0,'商品审核','2024-02-04 14:31:42',1),('1707057105603249277','1582184795951594874','您的商品 <a href=/product-detail/1583941398323204767 style=\"color:#08bf91\" target=\"_blank\" > 萨伽单木吉他</a> 已通过审核，快去看看吧。',0,'商品审核','2024-02-04 14:31:45',1),('1707057108536336767','1582184795951594874','您的商品 <a href=/product-detail/1583938501381902202 style=\"color:#08bf91\" target=\"_blank\" >南极人2020春季新款男士韩版休闲牛仔外套</a> 已通过审核，快去看看吧。',0,'商品审核','2024-02-04 14:31:48',1),('1707057436828794532','1582184795951594874','您的商品 <a href=/product-detail/1583937609451390776 style=\"color:#08bf91\" target=\"_blank\" >茶花 漱口杯刷牙杯子</a> 进入待审核队列，请您耐心等待。',0,'商品审核','2024-02-04 14:37:16',1),('1707058594103508318','1577713712942250291','您的商品 <a href=/product-detail/1583937153164789685 style=\"color:#08bf91\" target=\"_blank\" >男士外套春秋2020</a> 进入待审核队列，请您耐心等待。',0,'商品审核','2024-02-04 14:56:34',1),('1707058612228223970','1577713712942250291','您的商品 <a href=/product-detail/1583937266660587070 style=\"color:#08bf91\" target=\"_blank\" >男士外套春季新款</a> 进入待审核队列，请您耐心等待。',0,'商品审核','2024-02-04 14:56:52',1),('1707058662107301029','1577713712942250291','您的商品 <a href=/product-detail/1583937266660587070 style=\"color:#08bf91\" target=\"_blank\" >男士外套春季新款</a> 已通过审核，快去看看吧。',0,'商品审核','2024-02-04 14:57:42',1),('1707058664828519415','1577713712942250291','您的商品 <a href=/product-detail/1583937153164789685 style=\"color:#08bf91\" target=\"_blank\" >男士外套春秋2020</a> 已通过审核，快去看看吧。',1,'商品审核','2024-02-04 14:57:44',1),('1707058667807413098','1582184795951594874','您的商品 <a href=/product-detail/1583937609451390776 style=\"color:#08bf91\" target=\"_blank\" >茶花 漱口杯刷牙杯子</a> 已通过审核，快去看看吧。',0,'商品审核','2024-02-04 14:57:47',1),('1707061753103384789','1582184795951594874','恭喜您已被设置为网站管理员，努力维护网站的良好氛围。',0,'系统通知','2024-02-04 15:49:13',1),('1707062160699845439','1577713712942250291','因为您的不良行为，您在该网站的账号已被封号。',1,'系统通知','2024-02-04 15:56:00',1),('1707062185190128129','1577713712942250291','您在该网站的账号已被解封，希望您保持良好的行为。',0,'系统通知','2024-02-04 15:56:25',1),('1707062195599916022','1582184795951594874','您已被设置为网站用户，希望您再接再厉。',0,'系统通知','2024-02-04 15:56:35',1),('1707064102111247914','1577713712942250291','您的商品 <a href=/product-detail/1707064102075935761 style=\"color:#08bf91\" target=\"_blank\" >手套</a> 进入待审核队列，请您耐心等待。',0,'商品审核','2024-02-04 16:28:22',1),('1707064154187104185','1577713712942250291','您的商品 <a href=/product-detail/1707064102075935761 style=\"color:#08bf91\" target=\"_blank\" >手套</a> 已通过审核，快去看看吧。',1,'商品审核','2024-02-04 16:29:14',1);
/*!40000 ALTER TABLE `notices` ENABLE KEYS */;
UNLOCK TABLES;

--
-- Table structure for table `order`
--

DROP TABLE IF EXISTS `order`;
/*!40101 SET @saved_cs_client     = @@character_set_client */;
/*!50503 SET character_set_client = utf8mb4 */;
CREATE TABLE `order` (
  `id` int NOT NULL AUTO_INCREMENT,
  `buyerId` varchar(100) DEFAULT NULL COMMENT '买家ID',
  `sellerId` varchar(100) CHARACTER SET utf8mb4 COLLATE utf8mb4_0900_ai_ci NOT NULL COMMENT '卖家id',
  `commodityId` varchar(100) NOT NULL COMMENT '商品ID',
  `commodityName` varchar(100) NOT NULL COMMENT '商品名',
  `price` decimal(55,2) NOT NULL COMMENT '购买价格',
  `time` timestamp NOT NULL DEFAULT CURRENT_TIMESTAMP COMMENT '交易时间',
  `receiveName` varchar(100) NOT NULL COMMENT '收件人',
  `receivePhone` varchar(100) NOT NULL COMMENT '收件手机号',
  `address` varchar(100) NOT NULL COMMENT '收件地址',
  `orderId` varchar(100) NOT NULL COMMENT '订单号',
  PRIMARY KEY (`id`)
) ENGINE=InnoDB AUTO_INCREMENT=4 DEFAULT CHARSET=utf8mb4 COLLATE=utf8mb4_0900_ai_ci COMMENT='订单';
/*!40101 SET character_set_client = @saved_cs_client */;

--
-- Dumping data for table `order`
--

LOCK TABLES `order` WRITE;
/*!40000 ALTER TABLE `order` DISABLE KEYS */;
INSERT INTO `order` VALUES (1,'1587889073148226284','1587889073148226284','1706965797839946882','粉底液',200.00,'2024-02-04 06:57:08','小橘','12345655412','上海市','20240204145708008'),(2,'1577713712942250291','1577713712942250291','1577792919764240135','iPhone X ',3000.00,'2024-02-04 14:45:29','小橘','12345655412','湖北省','20240204224529793'),(3,'1577713712942250291','1577713712942250291','1577792919764240135','iPhone X ',3000.00,'2024-02-04 14:53:11','小橘','12345655412','湖北省','20240204225311158');
/*!40000 ALTER TABLE `order` ENABLE KEYS */;
UNLOCK TABLES;

--
-- Table structure for table `reply`
--

DROP TABLE IF EXISTS `reply`;
/*!40101 SET @saved_cs_client     = @@character_set_client */;
/*!50503 SET character_set_client = utf8mb4 */;
CREATE TABLE `reply` (
  `rid` varchar(64) NOT NULL COMMENT '回复id',
  `cid` varchar(64) NOT NULL COMMENT '评论id',
  `commid` varchar(64) NOT NULL COMMENT '商品id',
  `cuserid` varchar(64) NOT NULL COMMENT '被回复用户id',
  `spuserid` varchar(64) DEFAULT NULL COMMENT '商品发布者id',
  `recontent` varchar(255) DEFAULT NULL COMMENT '回复内容',
  `ruserid` varchar(64) NOT NULL COMMENT '回复者id',
  `replytime` timestamp NULL DEFAULT CURRENT_TIMESTAMP COMMENT '回复时间',
  `repstatus` int DEFAULT '1' COMMENT '0异常 1正常 2删除',
  PRIMARY KEY (`rid`)
) ENGINE=InnoDB DEFAULT CHARSET=utf8mb4 COLLATE=utf8mb4_0900_ai_ci;
/*!40101 SET character_set_client = @saved_cs_client */;

--
-- Dumping data for table `reply`
--

LOCK TABLES `reply` WRITE;
/*!40000 ALTER TABLE `reply` DISABLE KEYS */;
INSERT INTO `reply` VALUES ('1','1','1577792919764240135','1582184795951594874','1577713712942250291','嗯呢','1577713712942250291','2020-02-24 14:54:11',1),('1588262384743447563','1588251204811301252','1583939483587193411','1577713712942250291','1582184795951594874','可以呀，我这车子很新的','1582184795951594874','2020-04-30 15:59:44',1),('1614226529645282498','1614226508675446955','1583940546885846474','1577713712942250291','1582184795951594874','222','1582184795951594874','2021-02-25 04:15:29',1);
/*!40000 ALTER TABLE `reply` ENABLE KEYS */;
UNLOCK TABLES;

--
-- Table structure for table `user_info`
--

DROP TABLE IF EXISTS `user_info`;
/*!40101 SET @saved_cs_client     = @@character_set_client */;
/*!50503 SET character_set_client = utf8mb4 */;
CREATE TABLE `user_info` (
  `userid` varchar(64) NOT NULL COMMENT '用户id',
  `username` varchar(255) NOT NULL COMMENT '用户昵称',
  `password` varchar(255) NOT NULL COMMENT '用户密码',
  `mobilephone` varchar(255) DEFAULT NULL COMMENT '手机号',
  `email` varchar(255) DEFAULT NULL COMMENT '用户邮箱',
  `uimage` varchar(255) DEFAULT NULL COMMENT '用户头像',
  `sex` varchar(255) DEFAULT NULL COMMENT '用户性别',
  `school` varchar(255) DEFAULT NULL COMMENT '学校',
  `faculty` varchar(255) DEFAULT NULL COMMENT '院系',
  `startime` varchar(4) DEFAULT NULL COMMENT '入学时间',
  `userstatus` int DEFAULT '1' COMMENT '1正常 0封号',
  `createtime` timestamp NULL DEFAULT CURRENT_TIMESTAMP COMMENT '注册时间',
  `status` varchar(255) DEFAULT 'offline' COMMENT '用户状态',
  `sign` varchar(255) DEFAULT NULL,
  PRIMARY KEY (`userid`)
) ENGINE=InnoDB DEFAULT CHARSET=utf8mb4 COLLATE=utf8mb4_0900_ai_ci;
/*!40101 SET character_set_client = @saved_cs_client */;

--
-- Dumping data for table `user_info`
--

LOCK TABLES `user_info` WRITE;
/*!40000 ALTER TABLE `user_info` DISABLE KEYS */;
INSERT INTO `user_info` VALUES ('1577713712942250291','小橘','6a5128af5df8a315bfe1430fcdceca31','15239670411','123456781@qq.com','/pic/8ca81c26871d477f816f2e80f7a26bd4.jpg','女','清华大学','软件学院','2017',1,'2019-12-30 13:53:26','offline','如此清秋何吝酒，这般明月不须钱'),('1582184795951594874','小兰','1cd75ca00db28072479992f87d4a647e','15239670412','123456782@qq.com','/pic/2d885a22918841c99c685379f0f4ce41.jpg','男','清华大学','软件学院','2017',1,'2020-02-20 07:46:35','offline','如此清秋何吝酒，这般明月不须钱'),('1587889073148226284','李华','1cd75ca00db28072479992f87d4a647e','123456783','123456783@qq.com','/pic/8c42362f920c45948255768d494d48ee.jpg','女','北京大学','音乐学院','2016',1,'2020-04-26 08:17:53','online','如此清秋何吝酒，这般明月不须钱'),('1589628308220845788','admin','1cd75ca00db28072479992f87d4a647e','123456','123456785@qq.com','/pic/a8914d2f905d481f96169ea3fd102823.jpg','女','北京大学','美术学院','2016',1,'2020-05-16 11:28:05','offline','如此清秋何吝酒，这般明月不须钱');
/*!40000 ALTER TABLE `user_info` ENABLE KEYS */;
UNLOCK TABLES;

--
-- Table structure for table `user_perm`
--

DROP TABLE IF EXISTS `user_perm`;
/*!40101 SET @saved_cs_client     = @@character_set_client */;
/*!50503 SET character_set_client = utf8mb4 */;
CREATE TABLE `user_perm` (
  `roleid` int DEFAULT NULL COMMENT '1普通用户 2管理员 3超级管理员',
  `perms` varchar(255) DEFAULT NULL COMMENT '对应权限',
  `mean` varchar(255) DEFAULT NULL COMMENT '权限解释'
) ENGINE=InnoDB DEFAULT CHARSET=utf8mb4 COLLATE=utf8mb4_0900_ai_ci;
/*!40101 SET character_set_client = @saved_cs_client */;

--
-- Dumping data for table `user_perm`
--

LOCK TABLES `user_perm` WRITE;
/*!40000 ALTER TABLE `user_perm` DISABLE KEYS */;
INSERT INTO `user_perm` VALUES (3,'admin:set','设置管理员'),(1,'user:userinfo','用户个人信息'),(3,'admin:set','设置管理员'),(2,'user:userinfo','用户个人信息');
/*!40000 ALTER TABLE `user_perm` ENABLE KEYS */;
UNLOCK TABLES;

--
-- Table structure for table `user_role`
--

DROP TABLE IF EXISTS `user_role`;
/*!40101 SET @saved_cs_client     = @@character_set_client */;
/*!50503 SET character_set_client = utf8mb4 */;
CREATE TABLE `user_role` (
  `userid` varchar(64) NOT NULL COMMENT '用户id',
  `roleid` int NOT NULL DEFAULT '1' COMMENT '1普通用户 2管理员 3超级管理员',
  PRIMARY KEY (`userid`)
) ENGINE=InnoDB DEFAULT CHARSET=utf8mb4 COLLATE=utf8mb4_0900_ai_ci;
/*!40101 SET character_set_client = @saved_cs_client */;

--
-- Dumping data for table `user_role`
--

LOCK TABLES `user_role` WRITE;
/*!40000 ALTER TABLE `user_role` DISABLE KEYS */;
INSERT INTO `user_role` VALUES ('1577713712942250291',1),('1582184795951594874',1),('1587889073148226284',1),('1589628308220845788',2),('1706962442031328294',1),('1706962819715575268',1);
/*!40000 ALTER TABLE `user_role` ENABLE KEYS */;
UNLOCK TABLES;

--
-- Dumping routines for database 'shop'
--
/*!40103 SET TIME_ZONE=@OLD_TIME_ZONE */;

/*!40101 SET SQL_MODE=@OLD_SQL_MODE */;
/*!40014 SET FOREIGN_KEY_CHECKS=@OLD_FOREIGN_KEY_CHECKS */;
/*!40014 SET UNIQUE_CHECKS=@OLD_UNIQUE_CHECKS */;
/*!40101 SET CHARACTER_SET_CLIENT=@OLD_CHARACTER_SET_CLIENT */;
/*!40101 SET CHARACTER_SET_RESULTS=@OLD_CHARACTER_SET_RESULTS */;
/*!40101 SET COLLATION_CONNECTION=@OLD_COLLATION_CONNECTION */;
/*!40111 SET SQL_NOTES=@OLD_SQL_NOTES */;

-- Dump completed on 2024-02-05  1:15:21
